Weather Condition,Order Count,Average Delivery Time,Median Delivery Time
Clear,470,53.08297872340425,52.0
Windy,96,55.458333333333336,55.0
Foggy,103,59.46601941747573,59.0
Rainy,204,59.794117647058826,57.5
Snowy,97,67.11340206185567,66.0
