Selected Model,Test MAE,Test RMSE,Test R2
Linear Regression,6.063414905264767,8.952170614738876,0.8212036240893484
