Importance Rank,Feature,Mean Importance,Importance Standard Deviation
1,Distance_km,14.422649034381426,0.7516503744602976
2,Preparation_Time_min,4.061056332130724,0.38576419605799755
3,Traffic_Level,1.8816992421231373,0.21895646937446395
4,Weather,1.2889249197517691,0.17935058907254695
5,Courier_Experience_yrs,0.4769093787615873,0.09525345361575824
6,Vehicle_Type,0.07019563369807061,0.0318880880948065
7,Time_of_Day,-0.02097731920725705,0.042559442344156005
