Feature,Distance_km,Preparation_Time_min,Courier_Experience_yrs,Delivery_Time_min
Distance_km,1.0,-0.00903666305540562,-0.00784234752208879,0.7809983586157736
Preparation_Time_min,-0.00903666305540562,1.0,-0.030829889592896897,0.30734996261566927
Courier_Experience_yrs,-0.00784234752208879,-0.030829889592896897,1.0,-0.09043292521201647
Delivery_Time_min,0.7809983586157736,0.30734996261566927,-0.09043292521201647,1.0
