Traffic Level,Order Count,Average Delivery Time,Median Delivery Time
Low,383,52.885117493472585,51.0
Medium,390,56.02051282051282,53.5
High,197,64.80710659898477,65.0
