CV MAE Rank,Model,CV MAE,CV MAE Std,CV RMSE,CV RMSE Std,CV R2,Training R2,Best Parameters
1,Linear Regression,6.80752672604893,0.40484535878315214,11.058425714730786,0.6659498658790524,0.7494967022655835,0.7629335881612306,{}
2,Ridge Regression,6.807650447801983,0.4049290363728518,11.058242630550902,0.6660064119651082,0.7495055399092018,0.7629335389009243,"{""alpha"": 0.1}"
3,Gradient Boosting,7.3080517006905055,0.5086480693011114,11.550501334706539,0.9455489845342503,0.7260255532275588,0.808777216399232,"{""learning_rate"": 0.1, ""max_depth"": 2, ""n_estimators"": 100}"
4,Random Forest,7.751770094251969,0.5943400812622455,11.97183935952857,0.9409265385131282,0.7053294669571313,0.913623909364255,"{""max_depth"": 12, ""min_samples_leaf"": 2, ""n_estimators"": 100}"
5,Decision Tree,9.043700093098167,0.7129239885566672,13.139406949971555,1.1609668938201811,0.644689435639467,0.7624835250349419,"{""max_depth"": 5, ""min_samples_leaf"": 4}"
6,Baseline Mean,17.920046875,0.3967122931731349,22.290044621843897,0.7947936141040378,-0.01015489584893734,0.0,{}
